[{"id":"user-image-1812253.png","publicUrl":"np://user.desktop.nicepage.com/Site_792021463/images/1812253.png","size":3257,"hash":"qRpG9SsAJFg0habhmhDccLmqBpA=","fileName":"1812253.png","name":"1812253","width":128,"height":128,"thumbnail":{"url":"np://user.desktop.nicepage.com/Site_792021463/images/thumbnails/1812253.png","width":128,"height":128,"length":3257,"type":"png"},"folderId":null,"originalUrl":"https://assets.nicepagecdn.com/d2cc3eaa/3972615/images/1812253.png","usages":["1936925815"]},{"id":"user-image-9717863.png","publicUrl":"np://user.desktop.nicepage.com/Site_792021463/images/9717863.png","size":4184,"hash":"WzmuIPHW+v/GFDL7HnWNmuapdjI=","fileName":"9717863.png","name":"9717863","width":128,"height":128,"thumbnail":{"url":"np://user.desktop.nicepage.com/Site_792021463/images/thumbnails/9717863.png","width":128,"height":128,"length":4184,"type":"png"},"folderId":null,"originalUrl":"https://assets.nicepagecdn.com/d2cc3eaa/4031033/images/9717863.png","usages":["1936925815"]},{"id":"user-image-3466056.png","publicUrl":"np://user.desktop.nicepage.com/Site_792021463/images/3466056.png","size":3635,"hash":"Yi30vtlie4YmVZSmVYHRu/waoqU=","fileName":"3466056.png","name":"3466056","width":128,"height":128,"thumbnail":{"url":"np://user.desktop.nicepage.com/Site_792021463/images/thumbnails/3466056.png","width":128,"height":128,"length":3635,"type":"png"},"folderId":null,"originalUrl":"https://assets.nicepagecdn.com/d2cc3eaa/3972615/images/3466056.png","usages":["1936925815"]},{"id":"user-image-1248681.png","publicUrl":"np://user.desktop.nicepage.com/Site_792021463/images/1248681.png","size":4510,"hash":"X3EmYKEBHiO016lgL0/YBCwE4U8=","fileName":"1248681.png","name":"1248681","width":128,"height":128,"thumbnail":{"url":"np://user.desktop.nicepage.com/Site_792021463/images/thumbnails/1248681.png","width":128,"height":128,"length":4510,"type":"png"},"folderId":null,"originalUrl":"https://assets.nicepagecdn.com/d2cc3eaa/3972615/images/1248681.png","usages":["1936925815"]},{"id":"user-image-2460850.png","publicUrl":"np://user.desktop.nicepage.com/Site_792021463/images/2460850.png","size":2706,"hash":"dgzaRO+CPl0BdfMRLW8d078uwzI=","fileName":"2460850.png","name":"2460850","width":128,"height":128,"thumbnail":{"url":"np://user.desktop.nicepage.com/Site_792021463/images/thumbnails/2460850.png","width":128,"height":128,"length":2706,"type":"png"},"folderId":null,"originalUrl":"https://assets.nicepagecdn.com/d2cc3eaa/3972615/images/2460850.png","usages":["1936925815"]},{"id":"user-image-photo-1560821630-1a7c45c3286e.jpeg","publicUrl":"np://user.desktop.nicepage.com/Site_792021463/images/photo-1560821630-1a7c45c3286e.jpeg","size":98126,"hash":"tRcFLoV7HBzR2wkvnt7RuqTLeEI=","fileName":"photo-1560821630-1a7c45c3286e.jpeg","name":"photo-1560821630-1a7c45c3286e","width":1080,"height":720,"thumbnail":{"url":"np://user.desktop.nicepage.com/Site_792021463/images/thumbnails/photo-1560821630-1a7c45c3286e.jpeg","width":250,"height":167},"folderId":null,"originalUrl":"https://images.unsplash.com/photo-1560821630-1a7c45c3286e?crop=entropy&cs=tinysrgb&fit=max&fm=jpg&ixid=M3w1NzgzNjl8MHwxfGNvbGxlY3Rpb258MTN8NTEyMzUwMjd8fHx8fDJ8fDE3NTA5NzEwNjd8&ixlib=rb-4.1.0&q=80&w=1080","usages":["1936925815"]},{"id":"user-image-photo-1497366412874-3415097a27e7.jpeg","publicUrl":"np://user.desktop.nicepage.com/Site_792021463/images/photo-1497366412874-3415097a27e7.jpeg","size":106064,"hash":"eCkm5F/GhC4x1TzfENpDW7215Rc=","fileName":"photo-1497366412874-3415097a27e7.jpeg","name":"photo-1497366412874-3415097a27e7","width":1080,"height":721,"thumbnail":{"url":"np://user.desktop.nicepage.com/Site_792021463/images/thumbnails/photo-1497366412874-3415097a27e7.jpeg","width":250,"height":167},"folderId":null,"originalUrl":"https://images.unsplash.com/photo-1497366412874-3415097a27e7?crop=entropy&cs=tinysrgb&fit=max&fm=jpg&ixid=M3w1NzgzNjl8MHwxfGNvbGxlY3Rpb258MTR8NTEyMzUwMjd8fHx8fDJ8fDE3NTA5NzEwNjd8&ixlib=rb-4.1.0&q=80&w=1080","usages":["1936925815"]},{"id":"user-image-photo-1557734864-c78b6dfef1b1.jpeg","publicUrl":"np://user.desktop.nicepage.com/Site_792021463/images/photo-1557734864-c78b6dfef1b1.jpeg","size":83966,"hash":"6PLBjusPVldoHTztNx6ID0NAjUU=","fileName":"photo-1557734864-c78b6dfef1b1.jpeg","name":"photo-1557734864-c78b6dfef1b1","width":1080,"height":606,"thumbnail":{"url":"np://user.desktop.nicepage.com/Site_792021463/images/thumbnails/photo-1557734864-c78b6dfef1b1.jpeg","width":250,"height":140},"folderId":null,"originalUrl":"https://images.unsplash.com/photo-1557734864-c78b6dfef1b1?crop=entropy&cs=tinysrgb&fit=max&fm=jpg&ixid=M3w1NzgzNjl8MHwxfGNvbGxlY3Rpb258MTF8NTEyMzUwMjd8fHx8fDJ8fDE3NTA5NzEwNjd8&ixlib=rb-4.1.0&q=80&w=1080","usages":["1936925815"]},{"id":"user-image-photo-1587614387466-0a72ca909e16.jpeg","publicUrl":"np://user.desktop.nicepage.com/Site_792021463/images/photo-1587614387466-0a72ca909e16.jpeg","size":86545,"hash":"FAs/oToMMGoy2fNgpXmpFgZb36E=","fileName":"photo-1587614387466-0a72ca909e16.jpeg","name":"photo-1587614387466-0a72ca909e16","width":1080,"height":720,"thumbnail":{"url":"np://user.desktop.nicepage.com/Site_792021463/images/thumbnails/photo-1587614387466-0a72ca909e16.jpeg","width":250,"height":167},"folderId":null,"originalUrl":"https://images.unsplash.com/photo-1587614387466-0a72ca909e16?crop=entropy&cs=tinysrgb&fit=max&fm=jpg&ixid=M3w1NzgzNjl8MHwxfGNvbGxlY3Rpb258NXw1MTIzNTAyN3x8fHx8Mnx8MTc1MDk3MTA2N3w&ixlib=rb-4.1.0&q=80&w=1080","usages":["1936925815"]},{"id":"user-image-photo-1461988625982-7e46a099bf4f.jpeg","publicUrl":"np://user.desktop.nicepage.com/Site_792021463/images/photo-1461988625982-7e46a099bf4f.jpeg","size":128310,"hash":"B/Jl5y1yYj2OBd/NaDw6da7J02Y=","fileName":"photo-1461988625982-7e46a099bf4f.jpeg","name":"photo-1461988625982-7e46a099bf4f","width":1080,"height":720,"thumbnail":{"url":"np://user.desktop.nicepage.com/Site_792021463/images/thumbnails/photo-1461988625982-7e46a099bf4f.jpeg","width":250,"height":167},"folderId":null,"originalUrl":"https://images.unsplash.com/photo-1461988625982-7e46a099bf4f?crop=entropy&cs=tinysrgb&fit=max&fm=jpg&ixid=M3w1NzgzNjl8MHwxfGNvbGxlY3Rpb258MTJ8NTEyMzUwMjd8fHx8fDJ8fDE3NTA5NzEwNjd8&ixlib=rb-4.1.0&q=80&w=1080","usages":["1936925815"]},{"id":"user-image-photo-1497366754035-f200968a6e72.jpeg","publicUrl":"np://user.desktop.nicepage.com/Site_792021463/images/photo-1497366754035-f200968a6e72.jpeg","size":110365,"hash":"f2+sZkTSF3hV7RqLSwSjbW3/j9c=","fileName":"photo-1497366754035-f200968a6e72.jpeg","name":"photo-1497366754035-f200968a6e72","width":1080,"height":721,"thumbnail":{"url":"np://user.desktop.nicepage.com/Site_792021463/images/thumbnails/photo-1497366754035-f200968a6e72.jpeg","width":250,"height":167},"folderId":null,"originalUrl":"https://images.unsplash.com/photo-1497366754035-f200968a6e72?crop=entropy&cs=tinysrgb&fit=max&fm=jpg&ixid=M3w1NzgzNjl8MHwxfGNvbGxlY3Rpb258MTZ8NTEyMzUwMjd8fHx8fDJ8fDE3NTA5NzEwNjd8&ixlib=rb-4.1.0&q=80&w=1080","usages":["1936925815"]},{"id":"user-image-photo-1543269664-76bc3997d9ea.jpeg","publicUrl":"np://user.desktop.nicepage.com/Site_792021463/images/photo-1543269664-76bc3997d9ea.jpeg","size":99104,"hash":"2yRDIKp58dcN0YXgViY6Cv7rdqQ=","fileName":"photo-1543269664-76bc3997d9ea.jpeg","name":"photo-1543269664-76bc3997d9ea","width":1080,"height":720,"thumbnail":{"url":"np://user.desktop.nicepage.com/Site_792021463/images/thumbnails/photo-1543269664-76bc3997d9ea.jpeg","width":250,"height":167},"folderId":null,"originalUrl":"https://images.unsplash.com/photo-1543269664-76bc3997d9ea?crop=entropy&cs=tinysrgb&fit=max&fm=jpg&ixid=M3w1NzgzNjl8MHwxfGNvbGxlY3Rpb258MTd8NTEyMzUwMjd8fHx8fDJ8fDE3NTA5NzEwNjd8&ixlib=rb-4.1.0&q=80&w=1080","usages":["1936925815"]},{"id":"user-image-photo-1475180429745-7bdddbdf4e3d.jpeg","publicUrl":"np://user.desktop.nicepage.com/Site_792021463/images/photo-1475180429745-7bdddbdf4e3d.jpeg","size":81819,"hash":"Plhp1LwYsRnnVQQlUZg5kybn+I4=","fileName":"photo-1475180429745-7bdddbdf4e3d.jpeg","name":"photo-1475180429745-7bdddbdf4e3d","width":1080,"height":718,"thumbnail":{"url":"np://user.desktop.nicepage.com/Site_792021463/images/thumbnails/photo-1475180429745-7bdddbdf4e3d.jpeg","width":250,"height":166},"folderId":null,"originalUrl":"https://images.unsplash.com/photo-1475180429745-7bdddbdf4e3d?crop=entropy&cs=tinysrgb&fit=max&fm=jpg&ixid=M3w1NzgzNjl8MHwxfGNvbGxlY3Rpb258M3w1MTIzNTAyN3x8fHx8Mnx8MTc1MDk3MTA2N3w&ixlib=rb-4.1.0&q=80&w=1080","usages":["1936925815"]},{"id":"user-image-photo-1543269865-4ed69e11d7b6.jpeg","publicUrl":"np://user.desktop.nicepage.com/Site_792021463/images/photo-1543269865-4ed69e11d7b6.jpeg","size":112954,"hash":"cUvEzF6nY65JPR+YJD44Yw9NLiI=","fileName":"photo-1543269865-4ed69e11d7b6.jpeg","name":"photo-1543269865-4ed69e11d7b6","width":1080,"height":720,"thumbnail":{"url":"np://user.desktop.nicepage.com/Site_792021463/images/thumbnails/photo-1543269865-4ed69e11d7b6.jpeg","width":250,"height":167},"folderId":null,"originalUrl":"https://images.unsplash.com/photo-1543269865-4ed69e11d7b6?crop=entropy&cs=tinysrgb&fit=max&fm=jpg&ixid=M3w1NzgzNjl8MHwxfGNvbGxlY3Rpb258MTl8NTEyMzUwMjd8fHx8fDJ8fDE3NTA5NzEwNjd8&ixlib=rb-4.1.0&q=80&w=1080","usages":["1936925815"]},{"id":"user-image-photo-1584697964069-229fdf62aa30.jpeg","publicUrl":"np://user.desktop.nicepage.com/Site_792021463/images/photo-1584697964069-229fdf62aa30.jpeg","size":74011,"hash":"Xxu7pavQR7of6bDgxCkVfXWTGN8=","fileName":"photo-1584697964069-229fdf62aa30.jpeg","name":"photo-1584697964069-229fdf62aa30","width":1080,"height":720,"thumbnail":{"url":"np://user.desktop.nicepage.com/Site_792021463/images/thumbnails/photo-1584697964069-229fdf62aa30.jpeg","width":250,"height":167},"folderId":null,"originalUrl":"https://images.unsplash.com/photo-1584697964069-229fdf62aa30?crop=entropy&cs=tinysrgb&fit=max&fm=jpg&ixid=M3w1NzgzNjl8MHwxfGNvbGxlY3Rpb258OXw1MTIzNTAyN3x8fHx8Mnx8MTc1MDk3MTA2N3w&ixlib=rb-4.1.0&q=80&w=1080","usages":["1936925815"]},{"id":"user-image-photo-1523289333742-be1143f6b766.jpeg","publicUrl":"np://user.desktop.nicepage.com/Site_792021463/images/photo-1523289333742-be1143f6b766.jpeg","size":94102,"hash":"sq765h+sPU1WYvh2dj2f1zKqjYo=","fileName":"photo-1523289333742-be1143f6b766.jpeg","name":"photo-1523289333742-be1143f6b766","width":1080,"height":720,"thumbnail":{"url":"np://user.desktop.nicepage.com/Site_792021463/images/thumbnails/photo-1523289333742-be1143f6b766.jpeg","width":250,"height":167},"folderId":null,"originalUrl":"https://images.unsplash.com/photo-1523289333742-be1143f6b766?crop=entropy&cs=tinysrgb&fit=max&fm=jpg&ixid=M3w1NzgzNjl8MHwxfGNvbGxlY3Rpb258Mnw1MTIzNTAyN3x8fHx8Mnx8MTc1MDk3MTA2N3w&ixlib=rb-4.1.0&q=80&w=1080","usages":["1936925815"]},{"id":"user-image-photo-1543269664-56d93c1b41a6.jpeg","publicUrl":"np://user.desktop.nicepage.com/Site_792021463/images/photo-1543269664-56d93c1b41a6.jpeg","size":106984,"hash":"67XhmhUa0JycA0JhV3308uaVfuc=","fileName":"photo-1543269664-56d93c1b41a6.jpeg","name":"photo-1543269664-56d93c1b41a6","width":1080,"height":720,"thumbnail":{"url":"np://user.desktop.nicepage.com/Site_792021463/images/thumbnails/photo-1543269664-56d93c1b41a6.jpeg","width":250,"height":167},"folderId":null,"originalUrl":"https://images.unsplash.com/photo-1543269664-56d93c1b41a6?crop=entropy&cs=tinysrgb&fit=max&fm=jpg&ixid=M3w1NzgzNjl8MHwxfGNvbGxlY3Rpb258MTh8NTEyMzUwMjd8fHx8fDJ8fDE3NTA5NzEwNjd8&ixlib=rb-4.1.0&q=80&w=1080","usages":["1936925815"]},{"id":"user-image-photo-1507537297725-24a1c029d3ca.jpeg","publicUrl":"np://user.desktop.nicepage.com/Site_792021463/images/photo-1507537297725-24a1c029d3ca.jpeg","size":172425,"hash":"CPAbX6MMDjGkqHcUgrmllzXaEeY=","fileName":"photo-1507537297725-24a1c029d3ca.jpeg","name":"photo-1507537297725-24a1c029d3ca","width":1080,"height":1620,"thumbnail":{"url":"np://user.desktop.nicepage.com/Site_792021463/images/thumbnails/photo-1507537297725-24a1c029d3ca.jpeg","width":167,"height":250},"folderId":null,"originalUrl":"https://images.unsplash.com/photo-1507537297725-24a1c029d3ca?crop=entropy&cs=tinysrgb&fit=max&fm=jpg&ixid=M3w1NzgzNjl8MHwxfGNvbGxlY3Rpb258OHw1MTIzNTAyN3x8fHx8Mnx8MTc1MDk3MTA2N3w&ixlib=rb-4.1.0&q=80&w=1080","usages":["1936925815"]},{"id":"user-image-photo-1554415707-6e8cfc93fe23.jpeg","publicUrl":"np://user.desktop.nicepage.com/Site_792021463/images/photo-1554415707-6e8cfc93fe23.jpeg","size":89817,"hash":"Y69UZX0X2DL6kTVMQWri8afwqbI=","fileName":"photo-1554415707-6e8cfc93fe23.jpeg","name":"photo-1554415707-6e8cfc93fe23","width":1080,"height":720,"thumbnail":{"url":"np://user.desktop.nicepage.com/Site_792021463/images/thumbnails/photo-1554415707-6e8cfc93fe23.jpeg","width":250,"height":167},"folderId":null,"originalUrl":"https://images.unsplash.com/photo-1554415707-6e8cfc93fe23?crop=entropy&cs=tinysrgb&fit=max&fm=jpg&ixid=M3w1NzgzNjl8MHwxfGNvbGxlY3Rpb258MTB8NTEyMzUwMjd8fHx8fDJ8fDE3NTA5NzEwNjd8&ixlib=rb-4.1.0&q=80&w=1080","usages":["1936925815"]},{"id":"user-image-photo-1598257006303-031250badbdc.jpeg","publicUrl":"np://user.desktop.nicepage.com/Site_792021463/images/photo-1598257006303-031250badbdc.jpeg","size":239944,"hash":"S9XMuePcsyl/2Ev2F6aZcmxwjPQ=","fileName":"photo-1598257006303-031250badbdc.jpeg","name":"photo-1598257006303-031250badbdc","width":1080,"height":1620,"thumbnail":{"url":"np://user.desktop.nicepage.com/Site_792021463/images/thumbnails/photo-1598257006303-031250badbdc.jpeg","width":167,"height":250},"folderId":null,"originalUrl":"https://images.unsplash.com/photo-1598257006303-031250badbdc?crop=entropy&cs=tinysrgb&fit=max&fm=jpg&ixid=M3w1NzgzNjl8MHwxfGNvbGxlY3Rpb258N3w1MTIzNTAyN3x8fHx8Mnx8MTc1MDk3MTA2N3w&ixlib=rb-4.1.0&q=80&w=1080","usages":["1936925815"]},{"id":"user-image-photo-1522202757859-7472b0973c69.jpeg","publicUrl":"np://user.desktop.nicepage.com/Site_792021463/images/photo-1522202757859-7472b0973c69.jpeg","size":77184,"hash":"81kr7A/R7XdXAMd2tPgVP0Ui9Co=","fileName":"photo-1522202757859-7472b0973c69.jpeg","name":"photo-1522202757859-7472b0973c69","width":1080,"height":720,"thumbnail":{"url":"np://user.desktop.nicepage.com/Site_792021463/images/thumbnails/photo-1522202757859-7472b0973c69.jpeg","width":250,"height":167},"folderId":null,"originalUrl":"https://images.unsplash.com/photo-1522202757859-7472b0973c69?crop=entropy&cs=tinysrgb&fit=max&fm=jpg&ixid=M3w1NzgzNjl8MHwxfGNvbGxlY3Rpb258MjB8NTEyMzUwMjd8fHx8fDJ8fDE3NTA5NzEwNjd8&ixlib=rb-4.1.0&q=80&w=1080","usages":["1936925815"]},{"id":"user-image-photo-1497366811353-6870744d04b2.jpeg","publicUrl":"np://user.desktop.nicepage.com/Site_792021463/images/photo-1497366811353-6870744d04b2.jpeg","size":122646,"hash":"WcVJvZmXqHbtnP9OZm4h2E73Ums=","fileName":"photo-1497366811353-6870744d04b2.jpeg","name":"photo-1497366811353-6870744d04b2","width":1080,"height":721,"thumbnail":{"url":"np://user.desktop.nicepage.com/Site_792021463/images/thumbnails/photo-1497366811353-6870744d04b2.jpeg","width":250,"height":167},"folderId":null,"originalUrl":"https://images.unsplash.com/photo-1497366811353-6870744d04b2?crop=entropy&cs=tinysrgb&fit=max&fm=jpg&ixid=M3w1NzgzNjl8MHwxfGNvbGxlY3Rpb258MTV8NTEyMzUwMjd8fHx8fDJ8fDE3NTA5NzEwNjd8&ixlib=rb-4.1.0&q=80&w=1080","usages":["1936925815"]},{"id":"user-image-photo-1503676382389-4809596d5290.jpeg","publicUrl":"np://user.desktop.nicepage.com/Site_792021463/images/photo-1503676382389-4809596d5290.jpeg","size":98131,"hash":"gAE+ilC3FgplwwalTzM4N9B1bTk=","fileName":"photo-1503676382389-4809596d5290.jpeg","name":"photo-1503676382389-4809596d5290","width":1080,"height":715,"thumbnail":{"url":"np://user.desktop.nicepage.com/Site_792021463/images/thumbnails/photo-1503676382389-4809596d5290.jpeg","width":250,"height":166},"folderId":null,"originalUrl":"https://images.unsplash.com/photo-1503676382389-4809596d5290?crop=entropy&cs=tinysrgb&fit=max&fm=jpg&ixid=M3w1NzgzNjl8MHwxfGNvbGxlY3Rpb258MXw1MTIzNTAyN3x8fHx8Mnx8MTc1MDk3MTA2N3w&ixlib=rb-4.1.0&q=80&w=1080","usages":["1936925815"]},{"id":"user-image-photo-1612405199646-9fe0d9a5306e.jpeg","publicUrl":"np://user.desktop.nicepage.com/Site_792021463/images/photo-1612405199646-9fe0d9a5306e.jpeg","size":211454,"hash":"scYBHOTRMNf5J3Gfq1N27MLdUW4=","fileName":"photo-1612405199646-9fe0d9a5306e.jpeg","name":"photo-1612405199646-9fe0d9a5306e","width":1080,"height":1620,"thumbnail":{"url":"np://user.desktop.nicepage.com/Site_792021463/images/thumbnails/photo-1612405199646-9fe0d9a5306e.jpeg","width":167,"height":250},"folderId":null,"originalUrl":"https://images.unsplash.com/photo-1612405199646-9fe0d9a5306e?crop=entropy&cs=tinysrgb&fit=max&fm=jpg&ixid=M3w1NzgzNjl8MHwxfGNvbGxlY3Rpb258Nnw1MTIzNTAyN3x8fHx8Mnx8MTc1MDk3MTA2N3w&ixlib=rb-4.1.0&q=80&w=1080","usages":["1936925815"]},{"id":"user-image-photo-1531346878377-a5be20888e57.jpeg","publicUrl":"np://user.desktop.nicepage.com/Site_792021463/images/photo-1531346878377-a5be20888e57.jpeg","size":124123,"hash":"AlqSf/MtU6/07/xH/g+unwBZ7wY=","fileName":"photo-1531346878377-a5be20888e57.jpeg","name":"photo-1531346878377-a5be20888e57","width":1080,"height":1620,"thumbnail":{"url":"np://user.desktop.nicepage.com/Site_792021463/images/thumbnails/photo-1531346878377-a5be20888e57.jpeg","width":167,"height":250},"folderId":null,"originalUrl":"https://images.unsplash.com/photo-1531346878377-a5be20888e57?crop=entropy&cs=tinysrgb&fit=max&fm=jpg&ixid=M3w1NzgzNjl8MHwxfGNvbGxlY3Rpb258NHw1MTIzNTAyN3x8fHx8Mnx8MTc1MDk3MTA2N3w&ixlib=rb-4.1.0&q=80&w=1080","usages":["1936925815"]}]