[{"id":1713203484,"title":"Blog Template","order":1,"templateKey":"blog","customTemplate":false,"customTemplateFilename":null,"pageLinks":[],"dateCreated":"2025-06-26T20:44:52.034Z","dateUpdated":"2025-06-26T20:44:52.750Z","folderId":null,"pageName":"Blog Template","serverPageId":null,"sectionCount":1,"status":2,"backwardUrl":null},{"id":20585654,"title":"Post Template","order":2,"templateKey":"post","customTemplate":false,"customTemplateFilename":null,"pageLinks":[],"dateCreated":"2025-06-26T20:44:52.113Z","dateUpdated":"2025-06-26T20:44:52.750Z","folderId":null,"pageName":"Post Template","serverPageId":null,"sectionCount":1,"status":2,"backwardUrl":null},{"id":85757489,"title":"Product List Template","order":3,"templateKey":"products","customTemplate":false,"customTemplateFilename":null,"pageLinks":[],"dateCreated":"2025-06-26T20:44:52.185Z","dateUpdated":"2025-06-26T20:44:52.750Z","folderId":null,"pageName":"Product List Template","serverPageId":null,"sectionCount":1,"status":2,"backwardUrl":null},{"id":17174976,"title":"Product Details Template","order":4,"templateKey":"product","customTemplate":false,"customTemplateFilename":null,"pageLinks":[],"dateCreated":"2025-06-26T20:44:52.259Z","dateUpdated":"2025-06-26T20:44:52.750Z","folderId":null,"pageName":"Product Details Template","serverPageId":null,"sectionCount":1,"status":2,"backwardUrl":null},{"id":26515533,"title":"Shopping Cart Template","order":5,"templateKey":"cart","customTemplate":false,"customTemplateFilename":null,"pageLinks":[],"dateCreated":"2025-06-26T20:44:52.323Z","dateUpdated":"2025-06-26T20:44:52.750Z","folderId":null,"pageName":"Shopping Cart Template","serverPageId":null,"sectionCount":1,"status":2,"backwardUrl":null},{"id":449825950,"title":"Checkout Template","order":6,"templateKey":"checkout","customTemplate":false,"customTemplateFilename":null,"pageLinks":[],"dateCreated":"2025-06-26T20:44:52.415Z","dateUpdated":"2025-06-26T20:44:52.751Z","folderId":null,"pageName":"Checkout Template","serverPageId":null,"sectionCount":1,"status":2,"backwardUrl":null},{"id":536223207,"title":"Login Template","order":7,"templateKey":"login","customTemplate":false,"customTemplateFilename":null,"pageLinks":[],"dateCreated":"2025-06-26T20:44:52.462Z","dateUpdated":"2025-06-26T20:44:52.751Z","folderId":null,"pageName":"Login Template","serverPageId":null,"sectionCount":1,"status":2,"backwardUrl":null},{"id":632316932,"title":"Search Page Template","order":8,"templateKey":"Search","customTemplate":false,"customTemplateFilename":null,"pageLinks":[],"dateCreated":"2025-06-26T20:44:52.494Z","dateUpdated":"2025-06-26T20:44:52.751Z","folderId":null,"pageName":"Search Page Template","serverPageId":null,"sectionCount":1,"status":2,"backwardUrl":null},{"id":120340320,"title":"Page Password Template","order":9,"templateKey":"password","customTemplate":false,"customTemplateFilename":null,"pageLinks":[],"dateCreated":"2025-06-26T20:44:52.530Z","dateUpdated":"2025-06-26T20:44:52.751Z","folderId":null,"pageName":"Page Password Template","serverPageId":null,"sectionCount":1,"status":2,"backwardUrl":null},{"id":2594926733,"title":"404 Not Found Template","order":10,"templateKey":"404","customTemplate":false,"customTemplateFilename":null,"pageLinks":[],"dateCreated":"2025-06-26T20:44:52.560Z","dateUpdated":"2025-06-26T20:44:52.751Z","folderId":null,"pageName":"404 Not Found Template","serverPageId":null,"sectionCount":1,"status":2,"backwardUrl":null},{"id":257054619,"title":"Thank You Page Template","order":11,"templateKey":"ThankYou","customTemplate":false,"customTemplateFilename":null,"pageLinks":[],"dateCreated":"2025-06-26T20:44:52.586Z","dateUpdated":"2025-06-26T20:44:52.751Z","folderId":null,"pageName":"Thank You Page Template","serverPageId":null,"sectionCount":1,"status":2,"backwardUrl":null},{"id":1936925815,"title":"Page 1","order":50,"templateKey":null,"customTemplate":false,"customTemplateFilename":null,"pageLinks":[],"dateCreated":"2025-06-26T20:55:39.183Z","dateUpdated":"2025-06-26T21:05:24.601Z","folderId":null,"pageName":"Page 1_1936925815","serverPageId":null,"sectionCount":13,"status":2,"backwardUrl":null},{"id":1731913932,"title":"About","order":100,"templateKey":null,"customTemplate":false,"customTemplateFilename":null,"pageLinks":[],"dateCreated":"2025-06-26T20:44:52.604Z","dateUpdated":"2025-06-26T20:44:52.751Z","folderId":null,"pageName":"About_1731913932","serverPageId":null,"sectionCount":1,"status":2,"backwardUrl":null},{"id":234969755,"title":"Contact","order":101,"templateKey":null,"customTemplate":false,"customTemplateFilename":null,"pageLinks":[],"dateCreated":"2025-06-26T20:44:52.620Z","dateUpdated":"2025-06-26T20:44:52.751Z","folderId":null,"pageName":"Contact_234969755","serverPageId":null,"sectionCount":1,"status":2,"backwardUrl":null}]