[{"id":1713203484,"title":"Blog Template","order":1,"templateKey":"blog","customTemplate":false,"customTemplateFilename":null,"pageLinks":[],"dateCreated":"2025-06-26T20:44:52.034Z","dateUpdated":"2025-06-26T20:44:52.750Z","folderId":null,"pageName":"Blog Template","sectionCount":1,"status":2},{"id":20585654,"title":"Post Template","order":2,"templateKey":"post","customTemplate":false,"customTemplateFilename":null,"pageLinks":[],"dateCreated":"2025-06-26T20:44:52.113Z","dateUpdated":"2025-06-26T20:44:52.750Z","folderId":null,"pageName":"Post Template","sectionCount":1,"status":2},{"id":85757489,"title":"Product List Template","order":3,"templateKey":"products","customTemplate":false,"customTemplateFilename":null,"pageLinks":[],"dateCreated":"2025-06-26T20:44:52.185Z","dateUpdated":"2025-06-26T20:44:52.750Z","folderId":null,"pageName":"Product List Template","sectionCount":1,"status":2},{"id":17174976,"title":"Product Details Template","order":4,"templateKey":"product","customTemplate":false,"customTemplateFilename":null,"pageLinks":[],"dateCreated":"2025-06-26T20:44:52.259Z","dateUpdated":"2025-06-26T20:44:52.750Z","folderId":null,"pageName":"Product Details Template","sectionCount":1,"status":2},{"id":26515533,"title":"Shopping Cart Template","order":5,"templateKey":"cart","customTemplate":false,"customTemplateFilename":null,"pageLinks":[],"dateCreated":"2025-06-26T20:44:52.323Z","dateUpdated":"2025-06-26T20:44:52.750Z","folderId":null,"pageName":"Shopping Cart Template","sectionCount":1,"status":2},{"id":449825950,"title":"Checkout Template","order":6,"templateKey":"checkout","customTemplate":false,"customTemplateFilename":null,"pageLinks":[],"dateCreated":"2025-06-26T20:44:52.415Z","dateUpdated":"2025-06-26T20:44:52.751Z","folderId":null,"pageName":"Checkout Template","sectionCount":1,"status":2},{"id":536223207,"title":"Login Template","order":7,"templateKey":"login","customTemplate":false,"customTemplateFilename":null,"pageLinks":[],"dateCreated":"2025-06-26T20:44:52.462Z","dateUpdated":"2025-06-26T20:44:52.751Z","folderId":null,"pageName":"Login Template","sectionCount":1,"status":2},{"id":632316932,"title":"Search Page Template","order":8,"templateKey":"Search","customTemplate":false,"customTemplateFilename":null,"pageLinks":[],"dateCreated":"2025-06-26T20:44:52.494Z","dateUpdated":"2025-06-26T20:44:52.751Z","folderId":null,"pageName":"Search Page Template","sectionCount":1,"status":2},{"id":120340320,"title":"Page Password Template","order":9,"templateKey":"password","customTemplate":false,"customTemplateFilename":null,"pageLinks":[],"dateCreated":"2025-06-26T20:44:52.530Z","dateUpdated":"2025-06-26T20:44:52.751Z","folderId":null,"pageName":"Page Password Template","sectionCount":1,"status":2},{"id":2594926733,"title":"404 Not Found Template","order":10,"templateKey":"404","customTemplate":false,"customTemplateFilename":null,"pageLinks":[],"dateCreated":"2025-06-26T20:44:52.560Z","dateUpdated":"2025-06-26T20:44:52.751Z","folderId":null,"pageName":"404 Not Found Template","sectionCount":1,"status":2},{"id":257054619,"title":"Thank You Page Template","order":11,"templateKey":"ThankYou","customTemplate":false,"customTemplateFilename":null,"pageLinks":[],"dateCreated":"2025-06-26T20:44:52.586Z","dateUpdated":"2025-06-26T20:44:52.751Z","folderId":null,"pageName":"Thank You Page Template","sectionCount":1,"status":2},{"id":1936925815,"title":"Page 1","order":50,"templateKey":null,"customTemplate":false,"customTemplateFilename":null,"pageLinks":["290513564"],"dateCreated":"2025-06-26T20:55:39.183Z","dateUpdated":"2025-06-27T15:21:30.195Z","folderId":null,"pageName":"Page 1_1936925815","sectionCount":13,"status":2},{"id":1731913932,"title":"About","order":100,"templateKey":null,"customTemplate":false,"customTemplateFilename":null,"pageLinks":[],"dateCreated":"2025-06-26T20:44:52.604Z","dateUpdated":"2025-06-26T20:44:52.751Z","folderId":null,"pageName":"About_1731913932","sectionCount":1,"status":2},{"id":234969755,"title":"Contact","order":101,"templateKey":null,"customTemplate":false,"customTemplateFilename":null,"pageLinks":[],"dateCreated":"2025-06-26T20:44:52.620Z","dateUpdated":"2025-06-26T20:44:52.751Z","folderId":null,"pageName":"Contact_234969755","sectionCount":1,"status":2},{"id":290513564,"title":"Publications","order":102,"templateKey":null,"customTemplate":false,"customTemplateFilename":null,"pageLinks":[],"dateCreated":"2025-06-27T15:10:45.667Z","dateUpdated":"2025-06-27T15:19:27.858Z","folderId":null,"pageName":"Publications_290513564","sectionCount":1,"status":2}]